Company,Company Name for Emails,Account Stage,# Employees,Industry,Website,Facebook Url
"Michaels Fence & Supply, Inc.",Michaels Fence & Supply,,8,construction,http://www.michaelsfencecompany.com,
Riverview Landscaping,Riverview Landscaping,,7,environmental services,http://www.riverviewlandscaping.net,
Fence Concepts LLC,Fence Concepts,,1,construction,http://www.fence-concepts.com,
Fence Workshop™,Fence Workshop™,,3,construction,http://www.fenceworkshop.com,https://www.facebook.com/fenceworkshop
"Pinnacle Fence & Outdoors, LLC",Pinnacle Fence & Outdoors,,2,construction,http://www.pinnaclefencenwa.com,
Micton Home Renovations,Micton Home Renovations,,1,construction,http://www.mictonhomerenovations.com,
Frontier Fence Company,Frontier Fence Company,,9,construction,http://www.frontierfencecompany.com,https://facebook.com/frontierfence
All County Fence Contractors LLC,All County Fence Contractors,,1,construction,http://www.allcountyfence.com,https://www.facebook.com/AllCountyFenceContractors/
Patriot Fence Crafters Inc.,Patriot Fence Crafters,,8,construction,http://www.patriotfence.com,
The Fence Store,The Fence Store,,10,construction,http://www.thefencestore.com,https://facebook.com/pages/The-Fence-Store/336647233905
"Houlihan Fence, Inc.",Houlihan Fence,,1,construction,http://www.houlihanfence.com,https://www.facebook.com/Houlihan-Fence-132260193467352
CFC Fences & Decks,CFC Fences & Decks,,9,construction,http://www.fenceanddeckutah.com,
"VanHoose Fence Company, LLC",VanHoose Fence Company,,6,construction,http://www.vhfence.com,
Leveret Contracting Limited,Leveret Contracting Limited,,3,construction,http://www.hcl-fencing.co.uk,
Carolina Erosion and Sediment Control LLC,Carolina Erosion and Sediment Control,,3,construction,http://www.cescllc.com,https://www.facebook.com/CarolinaErosionSedimentControl
"Cornerstone Fence Company, LLC",Cornerstone Fence Company,,7,construction,http://www.cornerstonefences.com,
Mr. Fence of Florida,Mr. Fence of Florida,,4,construction,http://www.mrfenceflorida.com,https://www.facebook.com/mr.fenceflorida
Pangea Construction Group,Pangea Construction Group,,2,construction,http://www.pangeaconstructiongroup.com,
CMS Fencing,CMS Fencing,,1,construction,http://www.contractormanagementservices.com,
Imperial Fence Co,Imperial Fence Co,,7,construction,http://www.imperialfenceco.com,https://facebook.com/pages/Greenwood-IN/Imperial-Fence-Company-Inc/144515822261621
Everlast Vinyl Fencing,Everlast Vinyl Fencing,,3,construction,http://www.everlastvinylfencing.com,https://www.facebook.com/everlastvinylfencingalberta
All Over Fence,All Over Fence,,1,construction,http://www.alloverfence.com,https://www.facebook.com/alloverfence
"LFS Partners, Inc.",LFS,,5,construction,http://www.lfspartners.com,https://facebook.com/LFSPartnerscontracting
West Coast Deck Waterproofing,West Coast Deck Waterproofing,,4,construction,http://www.wcdeckwaterproofing.com,https://www.facebook.com/WestCoastDeck
Osceola Fence Supply LLC,Osceola Fence Supply,,9,construction,http://www.osceolafencesupply.com,
"OnDeck of NVC Inc. - Outdoor & Indoor Builder in Lake Zurich Area, Lake and Cook County",OnDeck of NVC,,2,construction,http://www.go-ondeck.com,https://www.facebook.com/OnDeckNVC/
Quintessential Fence Contractors,Quintessential Fence Contractors,,2,construction,http://www.quintessentialfences.com,
"W-Bar-Y Fence Co, Inc.",W-Bar-Y Fence Co,,3,construction,http://www.wbaryfence.com,
ASAP Erectors,ASAP Erectors,,4,construction,http://www.asaperectors.com,
Acclaim Home Services,Acclaim Home Services,,2,construction,http://www.acclaimhomeservices.com,
Castellano Construction.ca,Castellano Construction.ca,,3,construction,http://www.castellanoconstruction.ca,
RK Total YardWorks Inc,RK Total YardWorks,,2,construction,http://www.totalyardworks.ca,
D & M Fencing,D & M Fencing,,8,construction,http://www.dandmfencing.com,https://www.facebook.com/DandMFencingTX
Rustic Fence Specialists inc.,Rustic Fence Specialists,,10,construction,http://www.rusticfence.com,https://facebook.com/pages/Rustic-Fence-Specialists-Inc/170944602973801
Cleveland Fence Companies,Cleveland Fence Companies,,4,construction,http://www.neofence.com,https://www.facebook.com/neofence/
Glass Fence Installation,Glass Fence Installation,,1,construction,http://www.premierpoolfencinganddecking.com.au,https://www.facebook.com/PremierPoolFencingandDecking/
Professional Fence Co.,Professional Fence,,6,construction,http://www.professionalfenceco.com,https://www.facebook.com/profenceco/
Superior Steel Erectors Ltd,Superior Steel Erectors,,9,construction,http://www.superiorsteel.ca,https://www.facebook.com/superiorsteelca
Quality Fence Company Oregon,Quality Fence Company Oregon,,2,construction,http://www.qualityfenceco.com,https://www.facebook.com/qualityfenceco.roseburg
BHL&J Steel Services,BHL&J Steel Services,,5,construction,http://www.bhl-j.co.za,https://www.facebook.com/bhljsteelservices/
Madison Fence Company LLC,Madison Fence Company,,1,construction,http://www.fencemadison.com,
EKREN FENCE COMPANY,EKREN FENCE COMPANY,,1,construction,http://www.ekrenfence.com,
Fence Builders San Jose,Fence Builders San Jose,,10,construction,http://www.fencecompanysanjose.com,
Better Decks & Fences,Better Decks & Fences,,3,construction,http://www.betterdecksandfences.com,
The Kamp,The Kamp,,5,construction,http://www.thekampgroup.design,
R&R Fence Services,R&R Fence Services,,4,construction,http://www.rrfenceservices.com,
"As Good As New, LLC",As Good As New,,6,construction,http://www.asgoodasnewfence.com,https://facebook.com/pages/As-Good-As-New-Fence/232297316793759
"Florida Fence - Sarasota, FL",Florida Fence,,6,construction,http://www.floridacommercialfencing.com,https://www.facebook.com/pg/FloridaFenceAndGates/
"Carolina Fence Supply, LLC",Carolina Fence Supply,,3,construction,http://www.carolinafencesupply.com,
Team West Contracting Corporation,Team West Contracting,,8,construction,http://www.twc-corp.com,https://facebook.com/pages/Team-West-Contracting-Corporation/483284211750581
Terra Nova - Edmonton Landscaping,Terra Nova,,3,construction,http://www.terranovaalberta.ca,https://www.facebook.com/Terra-Nova-Edmonton-Landscaping-184373952283632/
Raybern Erectors Ltd,Raybern Erectors,,8,construction,http://www.raybernerectors.com,https://www.facebook.com/raybernerectors/
Fence Cafe,Fence Cafe,,10,construction,http://www.fencecafe.com,
Adelaide Fence Centre,Adelaide Fence Centre,,4,construction,http://www.adelaidefencecentre.com.au,
Gator Strong Services,Gator Strong Services,,10,construction,http://www.gator-strong.com,
Milwaukee Fence Finders,Milwaukee Fence Finders,,10,construction,http://www.milwaukeefencefinders.com,https://www.facebook.com/milwaukeefencefinders
Alte Exteriors LLC,Alte Exteriors,,3,construction,http://www.alteexteriors.com,https://www.facebook.com/AlteExteriors/
Capitol Fence & Deck,Capitol Fence & Deck,,2,construction,http://www.capitolfenceaustin.com,https://www.facebook.com/capitolfenceaustin
Affordable Fence & Railing,Affordable Fence & Railing,,7,construction,http://www.affordablefence.biz,
Lighting By Veterans,Lighting By Veterans,,5,construction,http://www.lightingbyveterans.com,
Dream Decks,Dream Decks,,2,construction,http://www.dreamdecks.ca,https://www.facebook.com/DreamDecks
Citywide Sundecks and Railings,Citywide Sundecks and Railings,,6,construction,http://www.citywidesundecks.ca,
"Bell Outdoor, LLC",Bell Outdoor,,1,construction,http://www.belloutdoorllc.com,https://www.facebook.com/belloutdoor/
sneider and sons,sneider and sons,,3,construction,http://www.sneiderandsons.com,
"SP & I Construction Services, LLC",SP & I Construction Services,,3,construction,http://www.spandiconstructionservicesllc.com,
PR Design Build,PR Design Build,,5,construction,http://www.prdesign-build.com,
"Anchor Fence Contractors, Inc.",Anchor Fence Contractors,,5,construction,http://www.anchorfencecontractors.com,https://www.facebook.com/pages/Anchor-Fence-Contractors-Inc/376467739071537
Tropical Fence,Tropical Fence,,4,construction,http://www.tropicalfence.com,http://www.facebook.com/TropicalFence
Pine River Group,Pine River Group,,6,building materials,http://www.pinerivergroup.com,https://www.facebook.com/pinerivergroup
EHV Construction LLC,EHV Construction,,7,construction,http://www.ehvconstruction.com,
My Father's Creation LLC,My Father's Creation,,1,construction,http://www.myfatherscreationllc.com,
Virginia Beach Fence Company,Virginia Beach Fence Company,,5,construction,http://www.virginiabeachfencecompany.com,
Yard Dog Fencing and Deck,Yard Dog Fencing and Deck,,4,construction,http://www.yarddogfence.com,https://facebook.com/YardDogFence
Cedar Fences LLC,Cedar Fences,,1,construction,http://www.cedarfencesllc.com,
Smith Fence Company of Fort Myers,Smith Fence Company of Fort Myers,,4,construction,http://www.smithfencefm.com,http://facebook.com/smithfencefm
Buckhead Fence Company,Buckhead Fence Company,,1,construction,http://www.buckheadfencing.com,
BuildBoard App,BuildBoard App,,2,construction,http://www.buildboard.com,
LiveWell Outdoors,LiveWell Outdoors,,8,construction,http://www.livewelloutdoors.com,https://www.facebook.com/LiveWellOutdoors
"Metro Fence Supply, Inc.",Metro Fence Supply,,1,construction,http://www.metrofencesupply.com,
MDV Inc.,MDV,,2,construction,http://www.meadowvalegarageservices.com,
Stronghold Fence FL,Stronghold Fence FL,,1,construction,http://www.strongholdfencefl.com,
K-Line Fencing Group,K-Line Fencing Group,,6,construction,http://www.klinefencinggroup.com.au,
Fence and Porch,Fence and Porch,,1,construction,http://www.fenceandporch.com,
MH Fence Company,MH Fence Company,,3,construction,http://www.mhfenceco.com,https://www.facebook.com/1745207365724195
Lynch Fence Co. Inc.,Lynch Fence,,2,construction,http://www.lynchfenceco.com,https://facebook.com/pages/Lynch-Fence-Company/240517139432117
